{"ROUGE": {"rouge-1": {"r": 0.5005802296173348, "p": 0.2849207131774717, "f": 0.3449287940635553}, "rouge-2": {"r": 0.2949943317212068, "p": 0.16189004485567926, "f": 0.19710150933213616}, "rouge-l": {"r": 0.44616533701764083, "p": 0.23918101663423247, "f": 0.291510429606862}}, "BLEU": {"BLEU-1": 0.21306488991888764, "BLEU-2": 0.045396647316147704, "BLEU-3": 0.009672431663101574, "BLEU-4": 0.002060855587546701}, "NIST": 1.9962447163156785, "METEOR": 0.3850745549590393, "BERT": {"BERT-P:": 0.8845947980880737, "BERT-R:": 0.9125257134437561, "BERT-F1:": 0.8981399536132812}, "CIDEr": 0.6737797001452831}