{"ROUGE": {"rouge-1": {"r": 0.5528772210570191, "p": 0.2278088145576194, "f": 0.3080392979613342}, "rouge-2": {"r": 0.3030598814614353, "p": 0.11506797568019178, "f": 0.15746984919260293}, "rouge-l": {"r": 0.4855509709193576, "p": 0.1773358905881909, "f": 0.24490492601975444}}, "BLEU": {"BLEU-1": 0.15567058823529412, "BLEU-2": 0.02423333204152249, "BLEU-3": 0.003772417053805006, "BLEU-4": 0.0005872543818346806}, "NIST": 1.432217776828469, "METEOR": 0.377930890964978, "BERT": {"BERT-P:": 0.8702905774116516, "BERT-R:": 0.9137272238731384, "BERT-F1:": 0.8913257718086243}, "CIDEr": 0.2669835784433941}