{
    "ROUGE": {
        "rouge-1": {
            "r": 0.6661673606594583,
            "p": 0.26589054646083266,
            "f": 0.34598783365299696
        },
        "rouge-2": {
            "r": 0.4170953558846503,
            "p": 0.14309054238817306,
            "f": 0.188601874564656
        },
        "rouge-l": {
            "r": 0.6224693184671597,
            "p": 0.20218676395194599,
            "f": 0.2678808679827798
        }
    },
    "BLEU": {
        "BLEU-1": 0.13311688311688308,
        "BLEU-2": 0.01772010457075391,
        "BLEU-3": 0.0023588450889639938,
        "BLEU-4": 0.00031400210599845363
    },
    "NIST": 1.1693108226188595,
    "METEOR": 0.3914118596858584,
    "CIDEr": 0.5647613366613905
}