{
    "ROUGE": {
        "rouge-1": {
            "r": 0.6521699075778846,
            "p": 0.2740289660666448,
            "f": 0.3548960611495151
        },
        "rouge-2": {
            "r": 0.42477126502401313,
            "p": 0.14821939343875568,
            "f": 0.19537957625914848
        },
        "rouge-l": {
            "r": 0.6049317770552451,
            "p": 0.21072469104766933,
            "f": 0.2802049144452205
        }
    },
    "BLEU": {
        "BLEU-1": 0.16847590099869736,
        "BLEU-2": 0.028384129217322873,
        "BLEU-3": 0.004782041743951922,
        "BLEU-4": 0.0008056587914256819
    },
    "NIST": 1.4912719600611668,
    "METEOR": 0.4030953696077105,
    "CIDEr": 0.4876128292277586
}