{"ROUGE": {"rouge-1": {"r": 0.49137190536002107, "p": 0.3649891461280864, "f": 0.38689470200051773}, "rouge-2": {"r": 0.29725242453456335, "p": 0.22019185607160774, "f": 0.23311189962685047}, "rouge-l": {"r": 0.43998262422012435, "p": 0.3146437142618372, "f": 0.33349612094248704}}, "BLEU": {"BLEU-1": 0.24727208729320663, "BLEU-2": 0.0611434851543392, "BLEU-3": 0.015119077198494644, "BLEU-4": 0.003738525776818898}, "NIST": 2.3265607256595024, "METEOR": 0.40445776065016076, "BERT": {"BERT-P:": 0.8961730003356934, "BERT-R:": 0.9140464067459106, "BERT-F1:": 0.9047476053237915}, "CIDEr": 1.1415465244718035}