{
    "ROUGE": {
        "rouge-1": {
            "r": 0.5050156395578285,
            "p": 0.3728209385367792,
            "f": 0.40129547412248656
        },
        "rouge-2": {
            "r": 0.30967338649497206,
            "p": 0.22991235211328284,
            "f": 0.24543220579121655
        },
        "rouge-l": {
            "r": 0.47036798199070673,
            "p": 0.35184941423061855,
            "f": 0.37650308679023203
        }
    },
    "BLEU": {
        "BLEU-1": 0.2610774039345468,
        "BLEU-2": 0.06816141084520251,
        "BLEU-3": 0.017795404191981532,
        "BLEU-4": 0.0046459779284084915
    },
    "NIST": {
        "NIST-5": 2.4598828827040955
    },
    "METEOR": {
        "METEOR": 0.4045184921963217
    },
    "BERT": {
        "BERT-P:": 0.8944188952445984,
        "BERT-R:": 0.9122823476791382,
        "BERT-F1:": 0.9030291438102722
    },
    "CIDEr": 1.2204599065037645
}