{"ROUGE": {"rouge-1": {"r": 0.46547011617901196, "p": 0.25436130769007936, "f": 0.31233300336167413}, "rouge-2": {"r": 0.24588572422767258, "p": 0.12595449701959024, "f": 0.15680765768436852}, "rouge-l": {"r": 0.395458043318005, "p": 0.19441606000269282, "f": 0.24407450555137503}}, "BLEU": {"BLEU-1": 0.1799764736635734, "BLEU-2": 0.03239153107237493, "BLEU-3": 0.005829713538970104, "BLEU-4": 0.0010492112852126302}, "NIST": 1.6243438329511348, "METEOR": 0.34166166778739526, "BERT": {"BERT-P:": 0.8732658624649048, "BERT-R:": 0.900962233543396, "BERT-F1:": 0.8866961598396301}, "CIDEr": 0.5254837994256102}