{"ROUGE": {"rouge-1": {"r": 0.47891647572506235, "p": 0.28033638975108766, "f": 0.3217310630432739}, "rouge-2": {"r": 0.27539173147265583, "p": 0.14273289671919323, "f": 0.1687476185899945}, "rouge-l": {"r": 0.4235746824039845, "p": 0.22523281158670747, "f": 0.25948097314992874}}, "BLEU": {"BLEU-1": 0.18317288672029539, "BLEU-2": 0.03355230642944617, "BLEU-3": 0.006145872824805583, "BLEU-4": 0.0011257572667354547}, "NIST": 1.6806418417292663, "METEOR": 0.3464111009192061, "BERT": {"BERT-P:": 0.8805994391441345, "BERT-R:": 0.9062586426734924, "BERT-F1:": 0.8929445147514343}, "CIDEr": 0.6366975213961115}