{
    "ROUGE": {
        "rouge-1": {
            "r": 0.49061540764306205,
            "p": 0.34439903403313016,
            "f": 0.38130395194694966
        },
        "rouge-2": {
            "r": 0.2921517119633029,
            "p": 0.2047440712368486,
            "f": 0.22559004948833072
        },
        "rouge-l": {
            "r": 0.43826168415820843,
            "p": 0.29462467767392886,
            "f": 0.3270744021281789
        }
    },
    "BLEU": {
        "BLEU-1": 0.23534282875124213,
        "BLEU-2": 0.05538624704463648,
        "BLEU-3": 0.01303475605339987,
        "BLEU-4": 0.0030676363616895038
    },
    "NIST": 2.187158288915374,
    "METEOR": 0.39937072073825897,
    "BERT": {
        "BERT-P:": 0.894352912902832,
        "BERT-R:": 0.9139757752418518,
        "BERT-F1:": 0.903860867023468
    },
    "CIDEr": 1.2018300684288776
}